{
  "project_info": {
    "project_number": "861170945320",
    "project_id": "fir-a63d7",
    "storage_bucket": "fir-a63d7.appspot.com"
  },
  "client": [
    {
      "client_info": {
        "mobilesdk_app_id": "1:861170945320:android:03411315d8d1fbaca1141d",
        "android_client_info": {
          "package_name": "com.example.firebase"
        }
      },
      "oauth_client": [],
      "api_key": [
        {
          "current_key": "AIzaSyB37XyV9ixcFBeJhnSPwT5eyJ1SW8vBY1I"
        }
      ],
      "services": {
        "appinvite_service": {
          "other_platform_oauth_client": []
        }
      }
    }
  ],
  "configuration_version": "1"
}